{
  "id": "kaiserschlacht",
  "title": "Kaiserschlacht",
  "description": "The Kaiserschlacht system for FoundryVTT!",
  "authors": [
    {
      "name": "M. Okonsky",
      "discord": "mokonsky"
    }
  ],
  "url": "https://github.com/mokonsky/Kaiserschlacht",
  "license": "LICENSE.txt",
  "readme": "README.md",
  "bugs": "https://github.com/mokonsky/Kaiserschlacht/issues",
  "changelog": "CHANGELOG.md",
  "version": "0.2.28",
  "compatibility": {
    "minimum": 11,
    "verified": "11.315"
  },
  "esmodules": [
    "module/kaiserschlacht.mjs"
  ],
  "styles": [
    "styles/kaiserschlacht.css"
  ],
  "languages": [
    {
      "lang": "en",
      "name": "English",
      "path": "lang/en.json"
    }
  ],
  "packs": [],
  "packFolders": [],
  "socket": false,
  "manifest": "https://raw.githubusercontent.com/mokonsky/kaiserschlacht/debugging/dist/system.json",
  "download": "https://raw.githubusercontent.com/mokonsky/kaiserschlacht/debugging/kaiserschlacht.zip",
  "gridDistance": 1,
  "gridUnits": "space",
  "primaryTokenAttribute": "health",
  "secondaryTokenAttribute": ""
}