{
  "Actor": {
    "types": [
      "character",
      "npc"
    ],
    "templates": {
      "base": {
        "health": {
          "value": 5,
          "min": 0,
          "max": 5
        },
        "stress": {
          "value": 100,
          "min": 0,
          "max": 100
        },
        "biography": ""
      }
    },
    "character": {
      "templates": [
        "base"
      ],
      "targetNumber": 0,
      "initiative": 1,
      "armor": 0,
      "attributes": {
        "skillPoints": {
          "value": 0
        },
        "class": {
          "value": ""
        }
      },
      "abilities": {
        "physique": {
          "value": 0,
          "min": 0,
          "max": 6,
          "bonus": 0
        },
        "finesse": {
          "value": 0,
          "min": 0,
          "max": 6,
          "bonus": 0
        },
        "wits": {
          "value": 0,
          "min": 0,
          "max": 6,
          "bonus": 0
        },
        "presence": {
          "value": 0,
          "min": 0,
          "max": 6,
          "bonus": 0
        }
      },
      "classStats": {
        "faith": {
          "value": 0,
          "min": 0,
          "max": 100,
          "visible": false
        },
        "scrap": {
          "value": 0,
          "min": 0,
          "max": 100,
          "visible": false
        },
        "tactics": {
          "value": 0,
          "min": 0,
          "max": 100,
          "visible": false
        },
        "static": {
          "value": 0,
          "min": 0,
          "max": 100,
          "visible": false
        },
        "moxie": {
          "value": 0,
          "min": 0,
          "max": 100,
          "visible": false
        },
        "heart": {
          "value": 0,
          "min": 0,
          "max": 100,
          "visible": false
        },
        "grit": {
          "value": 0,
          "min": 0,
          "max": 100,
          "visible": false
        }
      },
      "skills": {
        "brawl": {
          "value": 0,
          "min": 0,
          "max": 6,
          "bonus": 0
        },
        "athletics": {
          "value": 0,
          "min": 0,
          "max": 6,
          "bonus": 0
        },
        "smash": {
          "value": 0,
          "min": 0,
          "max": 6,
          "bonus": 0
        },
        "shooting": {
          "value": 0,
          "min": 0,
          "max": 6,
          "bonus": 0
        },
        "skullduggery": {
          "value": 0,
          "min": 0,
          "max": 6,
          "bonus": 0
        },
        "acrobatics": {
          "value": 0,
          "min": 0,
          "max": 6,
          "bonus": 0
        },
        "knowledgeMen": {
          "value": 0,
          "min": 0,
          "max": 6,
          "bonus": 0
        },
        "knowledgeMachines": {
          "value": 0,
          "min": 0,
          "max": 6,
          "bonus": 0
        },
        "knowledgeMagic": {
          "value": 0,
          "min": 0,
          "max": 6,
          "bonus": 0
        },
        "empathy": {
          "value": 0,
          "min": 0,
          "max": 6,
          "bonus": 0
        },
        "manipulation": {
          "value": 0,
          "min": 0,
          "max": 6,
          "bonus": 0
        },
        "intimidation": {
          "value": 0,
          "min": 0,
          "max": 6,
          "bonus": 0
        }
      }
    },
    "npc": {
      "templates": [
        "base"
      ],
      "cr": 0,
      "targetNumber": 0,
      "type": "",
      "speed": 0,
      "damage": 0,
      "damageTags": "",
      "armor": 0,
      "range": 0,
      "meleeDie": "",
      "rangedDie": "",
      "initiative": 2
    }
  },
  "Item": {
    "types": [
      "item",
      "feature",
      "spell",
      "weapon",
      "armor"
    ],
    "templates": {
      "base": {
        "description": ""
      }
    },
    "item": {
      "templates": [
        "base"
      ],
      "quantity": 1,
      "weight": 0,
      "traits": [
        ""
      ],
      "formula": "1d6"
    },
    "feature": {
      "templates": [
        "base"
      ],
      "traits": [
        ""
      ]
    },
    "spell": {
      "templates": [
        "base"
      ],
      "spellLevel": 1
    },
    "weapon": {
      "templates": [
        "base"
      ],
      "damage": "",
      "range": "",
      "weaponTraits": [
        ""
      ],
      "reload": null,
      "type": "",
      "equipped": false,
      "weight": 1,
      "quantity": 1
    },
    "armor": {
      "templates": [
        "base"
      ],
      "armorBonus": 0,
      "armorTraits": [
        ""
      ],
      "type": "",
      "armorPenalty": 0,
      "equipped": false,
      "weight": 1,
      "quantity": 1
    }
  }
}